loss,gate_mean,gate_std
111.82329559326172,0.5395146608352661,0.0004163795383647084
5.503021717071533,0.5366249084472656,0.0007694188971072435
186.98733520507812,0.5340057611465454,0.0006712497561238706
52.79292678833008,0.5313351154327393,0.0002189385995734483
33.35981750488281,0.5286530256271362,0.0007478716433979571
49.1971435546875,0.5259017944335938,0.0010081651853397489
133.4271697998047,0.5245624780654907,0.0006377326790243387
87.94813537597656,0.5225437879562378,0.00031824689358472824
156.69151306152344,0.520919680595398,0.0006688401917926967
26.309303283691406,0.5194370150566101,0.0007419530302286148
74.15998077392578,0.5180203318595886,0.001273340079933405
50.427127838134766,0.5170303583145142,0.0010265144519507885
98.26201629638672,0.5166923403739929,0.0005915298243053257
346.5891418457031,0.5163854360580444,0.0009729525190778077
104.41394805908203,0.5165066123008728,0.0009471073281019926
84.27887725830078,0.5166069865226746,0.0005570156499743462
26.04574203491211,0.5174948573112488,0.0009788911556825042
118.40089416503906,0.518083930015564,0.001043969765305519
83.72654724121094,0.5184573531150818,0.0014383995439857244
179.7863311767578,0.520622968673706,0.0005881108809262514
330.9792175292969,0.5217046737670898,0.0006533069536089897
105.150390625,0.5224876999855042,0.0012808154569938779
79.8164291381836,0.5250860452651978,0.0006235718610696495
23.475183486938477,0.5268678665161133,0.0006195889436639845
58.13411331176758,0.5285576581954956,0.0002585505717433989
126.4864501953125,0.5297703742980957,0.0004846506053581834
107.48589324951172,0.5312379598617554,0.0005122258444316685
49.013492584228516,0.5336135625839233,0.00022493500728160143
28.024658203125,0.5351248979568481,0.0004962473176419735
86.236572265625,0.5368629693984985,0.00027241368661634624
16.26569175720215,0.5388835668563843,0.0005783441592939198
3.154707908630371,0.5406900644302368,0.0004882174252998084
71.51610565185547,0.5408774614334106,0.0006326842121779919
72.71488189697266,0.5411350131034851,0.0002868496812880039
14.625149726867676,0.5418461561203003,0.00040812138468027115
38.46392822265625,0.5424315929412842,0.0004435660666786134
24.640174865722656,0.5431948900222778,0.0006377766258083284
18.667139053344727,0.5433143377304077,0.00040027586510404944
64.69496154785156,0.5438638925552368,0.0005927540478296578
33.440731048583984,0.5449579358100891,0.0005823709652759135
8.490730285644531,0.5452880263328552,0.0003780362894758582
2.427791118621826,0.5458808541297913,0.00045145172043703496
39.79586410522461,0.545102596282959,0.0003581462078727782
59.79598617553711,0.5443373918533325,0.0003454216930549592
65.16337585449219,0.5440925359725952,0.00033953640377148986
47.2509880065918,0.543910026550293,0.0003507941437419504
111.61181640625,0.5435363054275513,0.00039647877565585077
289.8006591796875,0.5432648658752441,0.0003858082345686853
73.5947036743164,0.543083667755127,0.00033134783734567463
90.76545715332031,0.5433198809623718,0.0004503612872213125
26.702409744262695,0.5433769226074219,0.0007513398886658251
55.81689453125,0.543721079826355,0.0003927924553863704
393.0528259277344,0.5439091324806213,0.0005149589269421995
181.98439025878906,0.5441262722015381,0.0004641423875000328
9.519882202148438,0.5447291135787964,0.0002756785543169826
135.318603515625,0.545120120048523,0.0005392733728513122
9.721162796020508,0.5457639694213867,0.000475709093734622
7.336556434631348,0.5458952188491821,0.00044568543671630323
185.40724182128906,0.5457019805908203,0.0003576785384211689
372.1239929199219,0.5464390516281128,0.0004761386662721634
192.80343627929688,0.5469380617141724,0.0005416510975919664
266.0863952636719,0.5479209423065186,0.00031197507632896304
141.5769500732422,0.5485535860061646,0.0004985666600987315
35.44966506958008,0.5492081642150879,0.0003541606420185417
18.15737533569336,0.549869954586029,0.00028457207372412086
4.025660991668701,0.5506540536880493,0.0002732222492340952
33.336402893066406,0.5507984161376953,0.0004114079347345978
11.024177551269531,0.5506947040557861,0.0002823650138452649
51.07678985595703,0.5508569478988647,0.00026500242529436946
6.03709602355957,0.5512250661849976,0.0004480088537093252
6.926119327545166,0.5510600209236145,0.00035551851033233106
67.44996643066406,0.5506094098091125,0.00014315159933175892
554.2551879882812,0.5499936938285828,0.00040873020770959556
16.066909790039062,0.550051212310791,0.0002813895989675075
7.154776573181152,0.5495464205741882,0.0003829965426120907
9.32140827178955,0.549690842628479,0.00023660308215767145
316.8100891113281,0.5497034788131714,0.0003698772343341261
10.169136047363281,0.5497978925704956,0.000220987742068246
24.73250961303711,0.5501123666763306,0.0004698069242294878
834.4050903320312,0.5498007535934448,0.0003673230530694127
5.861751556396484,0.549768328666687,0.00021206587553024292
25.009183883666992,0.5495745539665222,0.000413627945818007
8.010133743286133,0.5490835905075073,0.00041454998427070677
26.754188537597656,0.548814058303833,0.0003367539029568434
108.52694702148438,0.5481335520744324,0.00025751316570676863
87.26571655273438,0.5478469133377075,0.000343795632943511
73.48439025878906,0.547414243221283,0.0003739384119398892
199.6882781982422,0.5473665595054626,0.0004794102278538048
8.500570297241211,0.5470942258834839,0.0003784058499149978
10.146427154541016,0.5468366742134094,0.0004021382483188063
17.806201934814453,0.5463269352912903,0.0002925932058133185
10.172281265258789,0.5460464954376221,0.0004660885315388441
27.472156524658203,0.5455541014671326,0.0002612628450151533
92.94922637939453,0.5444326996803284,0.0002987539046443999
6.077909469604492,0.5442519187927246,0.0003653219901025295
11.050482749938965,0.5435954332351685,0.0003975221188738942
43.44585418701172,0.5435293912887573,0.0003952814731746912
9.517765045166016,0.5437012314796448,0.0003463708853814751
13.9342679977417,0.5424116849899292,0.0007429412798956037
33.816768646240234,0.5423768758773804,0.00037818311830051243
7.212693691253662,0.5419175028800964,0.0005263044149614871
30.895137786865234,0.5409598350524902,0.0007221468258649111
28.738542556762695,0.5401976108551025,0.0005720593617297709
9.05801773071289,0.5393049120903015,0.000747541431337595
8.840887069702148,0.538382887840271,0.001297699403949082
7.364049911499023,0.5377340912818909,0.0005749488482251763
8.388688087463379,0.5355955958366394,0.0010961478110402822
9.21707534790039,0.5354853868484497,0.0006479627918452024
8.511366844177246,0.5344936847686768,0.0006925605703145266
14.061820983886719,0.5332640409469604,0.0008470098837278783
37.92658233642578,0.5322591066360474,0.0007906881510280073
71.7060546875,0.5321388840675354,0.0006417621043510735
16.651092529296875,0.5316375494003296,0.0004708490159828216
9.161540985107422,0.5305973291397095,0.0012665796093642712
20.745403289794922,0.530052661895752,0.0014587559271603823
40.77566146850586,0.5299215912818909,0.00036217147135175765
10.202207565307617,0.5292506217956543,0.0014254647539928555
73.24348449707031,0.5286850929260254,0.000710920023266226
10.24673080444336,0.5278322696685791,0.0012629401171579957
9.687976837158203,0.5272672176361084,0.001808279543183744
9.860230445861816,0.5275633335113525,0.0014505719300359488
395.36810302734375,0.527355432510376,0.00047446563257835805
32.02324295043945,0.5255839824676514,0.0010512735461816192
9.603577613830566,0.5260294079780579,0.000834754086099565
48.39815139770508,0.5249419212341309,0.0005784443346783519
89.36434173583984,0.5239119529724121,0.0015609789406880736
8.731338500976562,0.5239485502243042,0.0011289624962955713
21.356552124023438,0.5245120525360107,0.0004605847061611712
201.61119079589844,0.5236462950706482,0.0004140610108152032
27.82171630859375,0.5225465297698975,0.0013827739749103785
10.418388366699219,0.5215542912483215,0.0011356010800227523
8.666887283325195,0.5225285291671753,0.0006391722126863897
8.203036308288574,0.5223369598388672,0.0003761247207876295
11.127120971679688,0.521883487701416,0.0014115712838247418
8.761421203613281,0.5215716361999512,0.0011572545627132058
25.64743423461914,0.5213751792907715,0.00130479468498379
9.344799041748047,0.5208049416542053,0.0012471475638449192
6.259759426116943,0.5202634334564209,0.0007919063209556043
9.92379093170166,0.5196498036384583,0.001472403178922832
23.375709533691406,0.5192259550094604,0.0011523319408297539
36.43474197387695,0.518539547920227,0.0015816676896065474
391.5171203613281,0.5186457633972168,0.000541337241884321
49.64091491699219,0.5184142589569092,0.0010352273238822818
7.093173980712891,0.5174940824508667,0.0013905614614486694
6.3180742263793945,0.5190054178237915,0.001259270473383367
80.35218048095703,0.5182375907897949,0.0016264270525425673
11.996222496032715,0.5179154872894287,0.002249633427709341
8.374675750732422,0.5180962085723877,0.0015598812606185675
8.377358436584473,0.5184289216995239,0.0008781175129115582
97.04021453857422,0.5182539224624634,0.0006855279789306223
9.484118461608887,0.517476499080658,0.0011136675020679832
98.62911987304688,0.518763542175293,0.0007037704344838858
9.811887741088867,0.5176222324371338,0.0010960070649161935
6.466644763946533,0.5170724391937256,0.0017271697288379073
7.545766830444336,0.5176050662994385,0.0008682512561790645
10.360648155212402,0.5159130096435547,0.0009626270621083677
38.62836837768555,0.516584038734436,0.001561410608701408
104.6985855102539,0.5160408020019531,0.0007250314229167998
913.6383666992188,0.5148710012435913,0.001539217890240252
7.7127580642700195,0.5162373781204224,0.0011579814599826932
6.546973705291748,0.5159012079238892,0.00048166827764362097
6.120919227600098,0.5146273374557495,0.002332978416234255
11.230766296386719,0.5148234367370605,0.0016869232058525085
10.50977897644043,0.5150570273399353,0.0014570127241313457
55.8807258605957,0.5141556262969971,0.0019458889728412032
17.705066680908203,0.5149310827255249,0.002117965603247285
10.0494966506958,0.5149515867233276,0.0031379263382405043
7.732175827026367,0.5158957839012146,0.0011590297799557447
71.53697204589844,0.5162841081619263,0.0007570452289655805
26.26227378845215,0.5146550536155701,0.0013249999610707164
12.745756149291992,0.5145666003227234,0.00292919110506773
8.50245475769043,0.5156629085540771,0.003102286020293832
39.73147201538086,0.5167912244796753,0.0014633610844612122
6.515440940856934,0.51651930809021,0.0021174359135329723
15.366870880126953,0.515383243560791,0.0021331042516976595
10.414790153503418,0.5166140198707581,0.002226297277957201
179.32476806640625,0.516761064529419,0.002111752051860094
73.86164093017578,0.5150357484817505,0.0030094278044998646
460.1793518066406,0.5163507461547852,0.00210712687112391
118.33036041259766,0.5169403553009033,0.001431269571185112
58.211692810058594,0.5166314244270325,0.0009635657188482583
69.48967742919922,0.5161174535751343,0.002454844769090414
6.987112522125244,0.5157668590545654,0.002264181850478053
15.085853576660156,0.5145612955093384,0.003579096170142293
9.636370658874512,0.5169090032577515,0.0030239324551075697
11.950458526611328,0.5154393911361694,0.003106724703684449
11.091468811035156,0.5162611603736877,0.002631677547469735
8.891532897949219,0.5155476331710815,0.0020292014814913273
15.326682090759277,0.5165573358535767,0.001025663921609521
104.79618835449219,0.5166330337524414,0.0012397835962474346
32.25920867919922,0.5148270130157471,0.002650434849783778
13.338940620422363,0.5158721208572388,0.0011423631804063916
9.930142402648926,0.5150553584098816,0.002678815508261323
63.829986572265625,0.5154570937156677,0.002654089592397213
12.283201217651367,0.5126957297325134,0.0025406689383089542
18.607868194580078,0.5133573412895203,0.00219727773219347
148.40185546875,0.5120741128921509,0.002929923590272665
363.21728515625,0.5136003494262695,0.0007770250085741282
32.29912567138672,0.5123257637023926,0.0026711381506174803
9.757227897644043,0.5126596689224243,0.001435625832527876
7.895113945007324,0.512490451335907,0.0013283700682222843
35.80087661743164,0.5116292834281921,0.0030911259818822145
9.801125526428223,0.5117539763450623,0.002103465609252453
43.282989501953125,0.5111792087554932,0.002349916147068143
14.893600463867188,0.511827826499939,0.0023371553979814053
11.176145553588867,0.5126206874847412,0.0017580214189365506
52.94057083129883,0.5113533139228821,0.002421993762254715
11.446545600891113,0.5125132203102112,0.002720991848036647
27.717144012451172,0.5128765106201172,0.0008884863927960396
10.181236267089844,0.5126460194587708,0.0011526142479851842
72.36061096191406,0.5122361183166504,0.0005749744595959783
15.849136352539062,0.5101312398910522,0.0031379784923046827
10.818014144897461,0.5122027397155762,0.0011675207642838359
9.63971996307373,0.5103375911712646,0.0027040967252105474
9.994722366333008,0.5095700621604919,0.0010713092051446438
30.81025505065918,0.5085315108299255,0.0017544901929795742
27.661062240600586,0.5086696147918701,0.0009904428152367473
30.200740814208984,0.5070570707321167,0.0017475971253588796
16.303813934326172,0.5059287548065186,0.001690533827058971
14.233732223510742,0.5072222948074341,0.001199335209093988
8.677114486694336,0.5061219930648804,0.001909272512421012
10.59730339050293,0.5049412250518799,0.0015723991673439741
118.24130249023438,0.5043352842330933,0.0020001817028969526
31.464452743530273,0.5044147968292236,0.002304699970409274
11.313570976257324,0.5046665668487549,0.0008464390994049609
13.7943754196167,0.5047564506530762,0.0012163985520601273
9.123778343200684,0.503517746925354,0.0017910574097186327
8.743112564086914,0.5030650496482849,0.0015894394600763917
27.690614700317383,0.5031914710998535,0.0017695979913696647
8.565542221069336,0.5026465058326721,0.0019357966957613826
32.675132751464844,0.501880407333374,0.0020363458897918463
9.883941650390625,0.5017291307449341,0.001506327884271741
10.734811782836914,0.5016045570373535,0.0016512332949787378
66.01786041259766,0.5024295449256897,0.001407149014994502
32.7125358581543,0.5019140839576721,0.0015664066886529326
10.200406074523926,0.5023492574691772,0.0008463901467621326
35.64073181152344,0.5015950202941895,0.0022384857293218374
22.79906463623047,0.5022145509719849,0.0009407985489815474
93.12440490722656,0.5015143752098083,0.0009465243783779442
9.602313041687012,0.5016177892684937,0.0015982218319550157
10.530708312988281,0.5021461248397827,0.0009966208599507809
9.47932243347168,0.5017479062080383,0.0012404958251863718
10.222762107849121,0.5007476806640625,0.0012065187329426408
9.598532676696777,0.5009174346923828,0.0007570876041427255
26.065793991088867,0.4998328685760498,0.0015328603330999613
90.67117309570312,0.499928742647171,0.001346565200947225
13.393274307250977,0.49985378980636597,0.001537090283818543
123.20196533203125,0.5006997585296631,0.0006872513331472874
67.83587646484375,0.5002874732017517,0.0017779340269044042
9.825362205505371,0.5003067255020142,0.0016217931406572461
8.923774719238281,0.5000019073486328,0.0014727185480296612
159.73622131347656,0.5002162456512451,0.0017362340586259961
14.800747871398926,0.5005831122398376,0.001093706930987537
12.285273551940918,0.5001720190048218,0.0021272958256304264
37.87436294555664,0.500761866569519,0.0017184701282531023
17.202377319335938,0.5005387663841248,0.0018918768037110567
23.288471221923828,0.49947261810302734,0.0018034725217148662
27.466632843017578,0.49937382340431213,0.002196171088144183
15.387443542480469,0.5008783340454102,0.000779537542257458
56.64576721191406,0.5004958510398865,0.002112284768372774
25.44313621520996,0.5004475712776184,0.0023968268651515245
11.627459526062012,0.5020102262496948,0.0017171207582578063
27.608898162841797,0.5020613670349121,0.0014939357060939074
380.03851318359375,0.5026517510414124,0.001335982931777835
13.90296745300293,0.501682698726654,0.002213454805314541
56.88423538208008,0.5022450089454651,0.0016117907362058759
197.11981201171875,0.5019518733024597,0.0017609575297683477
85.383544921875,0.5028995275497437,0.001938935020007193
20.782100677490234,0.5017545223236084,0.0030098259449005127
268.2713317871094,0.5035973191261292,0.0009015652467496693
15.967264175415039,0.5022334456443787,0.002960536163300276
13.689562797546387,0.5044598579406738,0.0023213939275592566
192.79774475097656,0.5045590400695801,0.002197075169533491
11.832060813903809,0.5037223100662231,0.0025863023474812508
170.47804260253906,0.5049694776535034,0.003341932315379381
10.640422821044922,0.5063456296920776,0.0022518315818160772
43.63676452636719,0.5080995559692383,0.0007103391108103096
17.516347885131836,0.5070068836212158,0.001941521419212222
15.905028343200684,0.5065606832504272,0.0039441511034965515
29.692201614379883,0.5094597339630127,0.0012904044706374407
193.6173095703125,0.5079028606414795,0.0024116444401443005
21.38991355895996,0.5093303918838501,0.002027942333370447
12.070076942443848,0.5087170004844666,0.0028721713460981846
13.786067962646484,0.5071965456008911,0.0041740634478628635
13.20956039428711,0.5061929225921631,0.004295718390494585
13.611615180969238,0.5079019665718079,0.0022706235758960247
13.932037353515625,0.5060440897941589,0.004070998635143042
12.59031867980957,0.5064877271652222,0.004511869512498379
12.805865287780762,0.5063139200210571,0.003761525033041835
12.444564819335938,0.504641056060791,0.003939487971365452
13.154376983642578,0.5066214203834534,0.0006511021056212485
9.921013832092285,0.5046451687812805,0.0025479693431407213
21.012964248657227,0.5040290951728821,0.0028412879910320044
12.406761169433594,0.5024454593658447,0.004662660416215658
20.10136604309082,0.5028232932090759,0.004187341313809156
15.258488655090332,0.5035892724990845,0.0016704191220924258
10.738874435424805,0.501774787902832,0.004607509821653366
42.986351013183594,0.5028790235519409,0.0047194161452353
27.679786682128906,0.5055361986160278,0.001305653597228229
34.99291229248047,0.5030208230018616,0.0032072318717837334
18.363494873046875,0.5038763284683228,0.0017241628374904394
13.235540390014648,0.5018585324287415,0.004784541670233011
14.751317024230957,0.5008028745651245,0.005048288032412529
24.353809356689453,0.5036046504974365,0.002770506776869297
28.84771156311035,0.500609278678894,0.004175835754722357
11.385603904724121,0.5025317668914795,0.0037889762315899134
17.88334846496582,0.5036404728889465,0.002125935163348913
704.836669921875,0.5032141208648682,0.0009645081590861082
12.995134353637695,0.5034618377685547,0.0008562871953472495
11.383321762084961,0.5019124746322632,0.002761460142210126
14.731431007385254,0.500117301940918,0.004107440356165171
9.850255012512207,0.5027366876602173,0.0021268241107463837
26.59844398498535,0.5003044605255127,0.006304089445620775
9.859491348266602,0.5040082335472107,0.0010009901598095894
11.299707412719727,0.500917911529541,0.004165904130786657
451.2835388183594,0.5028541088104248,0.0011576450197026134
66.42475891113281,0.501860499382019,0.0031639104709029198
31.26966667175293,0.5014467239379883,0.0029583959840238094
12.370394706726074,0.4996976852416992,0.004828708712011576
367.9495544433594,0.5000205636024475,0.005494880024343729
13.3261137008667,0.49835503101348877,0.006444188300520182
30.426740646362305,0.5007058382034302,0.005117772147059441
21.673477172851562,0.5006099939346313,0.006122083868831396
23.72559356689453,0.5008764863014221,0.0026318051386624575
49.75236129760742,0.5018379092216492,0.003482785541564226
26.50817108154297,0.4985920786857605,0.005155474413186312
34.641841888427734,0.4978753626346588,0.006948529276996851
62.01864242553711,0.5019566416740417,0.004574029240757227
126.97733306884766,0.49904677271842957,0.008990440517663956
117.42337036132812,0.503970742225647,0.0038724045734852552
12.041642189025879,0.5002923011779785,0.007718928158283234
15.884298324584961,0.5044697523117065,0.005645191762596369
15.889307975769043,0.5025405883789062,0.0036527137272059917
12.25278377532959,0.5049228668212891,0.002471389714628458
16.413482666015625,0.5053250789642334,0.001988525502383709
13.335784912109375,0.5055348873138428,0.0034596414770931005
14.46682357788086,0.5028434991836548,0.004821884445846081
59.54019546508789,0.5015023350715637,0.008172307163476944
8.467141151428223,0.5054869651794434,0.0010390345705673099
38.80289840698242,0.503970205783844,0.0025704980362206697
15.284282684326172,0.502882719039917,0.004679959733039141
16.470367431640625,0.5023837089538574,0.005802314728498459
23.94920539855957,0.5008594989776611,0.004819678142666817
12.898551940917969,0.5004825592041016,0.0066966768354177475
189.52325439453125,0.5039318203926086,0.001720494357869029
26.092350006103516,0.5021564960479736,0.002604057779535651
14.169057846069336,0.5009822845458984,0.006381818559020758
27.47068977355957,0.5006808042526245,0.003748825751245022
76.70817565917969,0.498031884431839,0.007042520213872194
13.87148666381836,0.501673698425293,0.0011716119479387999
9.008647918701172,0.5017645359039307,0.0021001684945076704
27.992992401123047,0.5003191828727722,0.0028082786593586206
99.71742248535156,0.500968873500824,0.005964568816125393
10.958379745483398,0.5019803643226624,0.002015816979110241
15.781124114990234,0.5004675388336182,0.0041219815611839294
116.1400375366211,0.5012946128845215,0.00346097769215703
8.93505859375,0.5014422535896301,0.005518730729818344
8.78703784942627,0.5009239315986633,0.0036208832170814276
11.608872413635254,0.49563974142074585,0.007750825025141239
11.721771240234375,0.5013889670372009,0.002629444934427738
13.229604721069336,0.4937703609466553,0.006679303012788296
5.609550952911377,0.5009927749633789,0.0035342127084732056
15.730228424072266,0.49775898456573486,0.0059854271821677685
20.497787475585938,0.49803781509399414,0.005217862315475941
11.99533748626709,0.49545818567276,0.007643642369657755
5.959833145141602,0.49755844473838806,0.00289922091178596
11.777318000793457,0.49915242195129395,0.0018720155349001288
21.703598022460938,0.4943109154701233,0.0068885693326592445
46.119590759277344,0.4949732720851898,0.003373608458787203
9.066363334655762,0.49169209599494934,0.00862982589751482
31.39297103881836,0.4936651587486267,0.006032535340636969
9.102578163146973,0.49537965655326843,0.004444154445081949
35.739234924316406,0.49716416001319885,0.0031277905218303204
33.28523254394531,0.4957828223705292,0.003900947980582714
13.115317344665527,0.4940391778945923,0.006460586562752724
12.57976245880127,0.4960727393627167,0.004159609321504831
139.20346069335938,0.49303364753723145,0.0064477259293198586
10.27805233001709,0.4905543923377991,0.008522442542016506
9.372910499572754,0.48889589309692383,0.007436569780111313
6.201015472412109,0.49333977699279785,0.005552828311920166
7.513998508453369,0.49529507756233215,0.0022571436129510403
36.50592041015625,0.4939468801021576,0.007031452376395464
7.163422584533691,0.4942479729652405,0.0023436269257217646
7.239632606506348,0.48603546619415283,0.009966973215341568
13.765087127685547,0.48954087495803833,0.008245709352195263
208.96434020996094,0.49271589517593384,0.006659298669546843
56.40278244018555,0.49327436089515686,0.0021690467838197947
284.8951416015625,0.49175941944122314,0.006993450690060854
73.5146484375,0.4913110136985779,0.0052086361683905125
9.220694541931152,0.48874539136886597,0.007579081226140261
7.802548408508301,0.4868987202644348,0.009052165783941746
9.224616050720215,0.4867441654205322,0.009233511984348297
12.130229949951172,0.4911290407180786,0.006032617297023535
7.181313514709473,0.49009332060813904,0.004027037415653467
42.0563850402832,0.48705556988716125,0.007615745533257723
68.39639282226562,0.4890645146369934,0.006169640924781561
78.60101318359375,0.48881930112838745,0.006909581832587719
11.291584968566895,0.4898533225059509,0.004434451926499605
7.992361545562744,0.48341089487075806,0.008836953900754452
8.436753273010254,0.4899596571922302,0.0030802618712186813
17.939128875732422,0.48726093769073486,0.004653080366551876
6.058053493499756,0.48524975776672363,0.005330237094312906
158.8648681640625,0.4819630980491638,0.006236521992832422
16.551176071166992,0.48013773560523987,0.009095217101275921
110.5560302734375,0.4855441153049469,0.006312641780823469
5.4801025390625,0.4808860719203949,0.009472813457250595
35.563453674316406,0.4835306704044342,0.010875508189201355
9.37396240234375,0.4843423664569855,0.008412046357989311
7.135964870452881,0.48517969250679016,0.008114874362945557
8.18367862701416,0.4856545031070709,0.0036390856839716434
7.081371784210205,0.4860593378543854,0.007232001982629299
7.808966159820557,0.4802803099155426,0.008585122413933277
8.045942306518555,0.4841989576816559,0.009385492652654648
5.83793830871582,0.4810923933982849,0.010832397267222404
32.43461990356445,0.4798937141895294,0.008143647573888302
81.88566589355469,0.4815025329589844,0.0031444847118109465
46.68383026123047,0.48217976093292236,0.003293056972324848
101.25374603271484,0.47490984201431274,0.010138960555195808
10.753769874572754,0.48201584815979004,0.0032684688922017813
397.8802795410156,0.47474080324172974,0.010234158486127853
12.743120193481445,0.4801022410392761,0.002545174676924944
9.559904098510742,0.47860652208328247,0.006249327678233385
27.342308044433594,0.4786449670791626,0.003761728759855032
37.73777389526367,0.470641165971756,0.008799947798252106
42.402008056640625,0.4742608070373535,0.00914160255342722
63.79997634887695,0.47247377038002014,0.007421414367854595
6.802027225494385,0.48196113109588623,0.003055824665352702
9.232962608337402,0.4797830581665039,0.004588862881064415
173.74595642089844,0.47682544589042664,0.008456902578473091
80.15859985351562,0.4765236973762512,0.008039143867790699
10.26949691772461,0.47214651107788086,0.007402282208204269
116.23301696777344,0.4745011627674103,0.008800740353763103
6.2632341384887695,0.4762464463710785,0.008384298533201218
18.990209579467773,0.4788280725479126,0.006171963177621365
370.0148010253906,0.4801707863807678,0.0030415609944611788
7.961210250854492,0.4760773181915283,0.008169692941009998
10.993962287902832,0.47150862216949463,0.01114953588694334
30.71319580078125,0.4743524193763733,0.006034725345671177
9.935617446899414,0.47444164752960205,0.009315626695752144
17.220930099487305,0.4778629541397095,0.007248393725603819
9.27523422241211,0.47697657346725464,0.009202271699905396
28.58913803100586,0.4757794737815857,0.008182459510862827
28.214046478271484,0.47775131464004517,0.008034192025661469
19.195953369140625,0.4731340706348419,0.013455460779368877
41.606056213378906,0.47345036268234253,0.00975492037832737
14.029838562011719,0.47807741165161133,0.002674954244866967
211.9164581298828,0.47977399826049805,0.004185846541076899
13.623760223388672,0.47885003685951233,0.003458642866462469
9.344893455505371,0.4795645475387573,0.0033773405011743307
11.371109962463379,0.47598162293434143,0.008298331871628761
7.326416969299316,0.47624272108078003,0.011464830487966537
23.77253532409668,0.47767555713653564,0.009126417338848114
66.13478088378906,0.4738301634788513,0.007560261990875006
9.684700965881348,0.47624924778938293,0.009108532220125198
17.689716339111328,0.4756418466567993,0.010697548277676105
208.43048095703125,0.4804486632347107,0.00397610105574131
18.992080688476562,0.4717370569705963,0.012193527072668076
33.013526916503906,0.479699969291687,0.006311043165624142
11.098810195922852,0.4738974869251251,0.009852495044469833
483.2264709472656,0.4790617823600769,0.005602380260825157
12.612460136413574,0.4819120168685913,0.0032191111240535975
24.059200286865234,0.4804867208003998,0.009973784908652306
12.018807411193848,0.48047223687171936,0.005326819606125355
26.175701141357422,0.4822099208831787,0.004336890298873186
22.113426208496094,0.48329561948776245,0.007976576685905457
10.379897117614746,0.481584757566452,0.005891463253647089
10.4675931930542,0.4807339310646057,0.011665767058730125
10.420121192932129,0.4860585927963257,0.0022595811169594526
19.76093864440918,0.4877059757709503,0.007472086697816849
12.344393730163574,0.48615598678588867,0.006683764047920704
13.522850036621094,0.4856748878955841,0.008810065686702728
23.009803771972656,0.4823928475379944,0.00961033534258604
7.307906627655029,0.4814050793647766,0.00932710524648428
28.59115219116211,0.4815138876438141,0.00698128342628479
11.597476959228516,0.4860442876815796,0.007816655561327934
723.97509765625,0.4874004125595093,0.0033784876577556133
12.753580093383789,0.4850207567214966,0.008065909147262573
11.364479064941406,0.48300451040267944,0.011593799106776714
9.365779876708984,0.4834744334220886,0.009996997192502022
62.81904983520508,0.48509886860847473,0.004544102121144533
13.80801010131836,0.47985386848449707,0.009487878531217575
102.90251159667969,0.4784449338912964,0.010319579392671585
66.01936340332031,0.48473450541496277,0.0043626511469483376
11.269123077392578,0.4829220175743103,0.0010394256096333265
9.719954490661621,0.4847257733345032,0.0017639342695474625
62.155208587646484,0.48213884234428406,0.006320216692984104
11.070806503295898,0.48065316677093506,0.003347767051309347
10.578056335449219,0.47651463747024536,0.01073569618165493
11.675777435302734,0.47882622480392456,0.008872774429619312
9.121858596801758,0.4708349108695984,0.010335291735827923
9.13980484008789,0.4788134694099426,0.002926774322986603
8.219470024108887,0.4758755564689636,0.006300067063421011
10.792595863342285,0.4748183786869049,0.007660641800612211
9.383197784423828,0.47410738468170166,0.010380606167018414
113.08097839355469,0.47155213356018066,0.008550141006708145
10.660550117492676,0.47370195388793945,0.010424097068607807
7.59845495223999,0.4750005900859833,0.011343566700816154
9.094402313232422,0.46758702397346497,0.011455647647380829
9.160188674926758,0.4741706848144531,0.00421098992228508
7.976579666137695,0.47774019837379456,0.00831941980868578
6.658783435821533,0.470441073179245,0.010883633978664875
296.22607421875,0.47520142793655396,0.0016539328498765826
9.558180809020996,0.46979156136512756,0.012648943811655045
37.50185775756836,0.4650108516216278,0.012796142138540745
7.926980972290039,0.4664381742477417,0.009183120913803577
12.99990177154541,0.4740399122238159,0.00312526966445148
41.56000900268555,0.4712875485420227,0.007120620924979448
12.39651870727539,0.4647667109966278,0.008258096873760223
14.85937786102295,0.4718030095100403,0.008518294431269169
19.773088455200195,0.46949857473373413,0.007953996770083904
7.16927433013916,0.4689598083496094,0.006060659419745207
37.69876480102539,0.4747214615345001,0.0019572775345295668
52.787925720214844,0.46277397871017456,0.010395248420536518
22.632282257080078,0.46851620078086853,0.007086251862347126
8.059860229492188,0.4662604331970215,0.009692034684121609
7.577332496643066,0.4738437533378601,0.003948340658098459
80.65953826904297,0.47097426652908325,0.009041957557201385
12.639921188354492,0.47406458854675293,0.008455994538962841
6.536618232727051,0.469819039106369,0.011840556748211384
30.46799659729004,0.47367197275161743,0.010573742911219597
35.574920654296875,0.4746609330177307,0.007811021059751511
157.95509338378906,0.4769578278064728,0.004118858836591244
10.177700996398926,0.4723915457725525,0.00876742135733366
21.139598846435547,0.4742547273635864,0.013069547712802887
222.28662109375,0.48126018047332764,0.003124232403934002
8.714564323425293,0.47978824377059937,0.010583064518868923
10.477140426635742,0.4848736524581909,0.003385356394574046
76.8012466430664,0.4733487367630005,0.017857015132904053
23.941001892089844,0.47906333208084106,0.010908085852861404
133.90304565429688,0.48649781942367554,0.00884073693305254
9.763556480407715,0.48700976371765137,0.003172139171510935
10.74207592010498,0.4782921075820923,0.013968788087368011
67.84538269042969,0.48289579153060913,0.014184434898197651
9.40540599822998,0.4866025447845459,0.008765160106122494
23.098899841308594,0.4835740625858307,0.01206281315535307
128.8340606689453,0.4820030927658081,0.009679021313786507
17.87598419189453,0.4867281913757324,0.014537387527525425
29.56574821472168,0.48550260066986084,0.012289821170270443
14.579561233520508,0.48170560598373413,0.014307130128145218
9.819634437561035,0.48828864097595215,0.011096474714577198
13.119499206542969,0.48658621311187744,0.01767013408243656
18.037063598632812,0.492556631565094,0.003565669758245349
12.484928131103516,0.4907515048980713,0.008389107882976532
13.02408504486084,0.4928776025772095,0.006249129306524992
22.01291275024414,0.4953434467315674,0.002508446341380477
9.490738868713379,0.4937366247177124,0.004021064843982458
26.42458152770996,0.48501235246658325,0.014211369678378105
26.680662155151367,0.4961647689342499,0.0030038636177778244
8.0862455368042,0.4985874891281128,0.0035405990201979876
287.37811279296875,0.4966801404953003,0.004641431849449873
80.45748138427734,0.49327367544174194,0.0034439514856785536
9.639490127563477,0.4928928017616272,0.009891084395349026
12.543306350708008,0.49124401807785034,0.008472587913274765
8.606450080871582,0.4926859140396118,0.0013579046353697777
8.484838485717773,0.4939762353897095,0.004184387624263763
90.67866516113281,0.4953900873661041,0.0055603329092264175
10.582477569580078,0.49081748723983765,0.009505482390522957
9.046884536743164,0.4945688545703888,0.006124833133071661
61.511878967285156,0.4874853491783142,0.014948646537959576
12.304342269897461,0.4949473738670349,0.0020868461579084396
199.16453552246094,0.4898541569709778,0.0050438567996025085
9.219639778137207,0.48785656690597534,0.010913963429629803
59.84708786010742,0.49412617087364197,0.0035243998281657696
22.343204498291016,0.49224013090133667,0.005258312448859215
14.401617050170898,0.49439722299575806,0.005003598518669605
11.844433784484863,0.48963895440101624,0.007970742881298065
25.42984390258789,0.49343860149383545,0.004478402901440859
13.031611442565918,0.49285972118377686,0.010008562356233597
9.55239486694336,0.49267148971557617,0.0056316787376999855
16.673646926879883,0.49476975202560425,0.005028188694268465
60.076202392578125,0.49662354588508606,0.0027062082663178444
107.92070770263672,0.4927237033843994,0.005674713756889105
22.818378448486328,0.48610836267471313,0.014971927739679813
135.17117309570312,0.4883662164211273,0.011440410278737545
12.938562393188477,0.4923504590988159,0.008968609385192394
7.165034770965576,0.4907834231853485,0.011642705649137497
73.96369934082031,0.4940680265426636,0.009786505252122879
13.961091995239258,0.48153483867645264,0.01315795723348856
11.558701515197754,0.4924240708351135,0.00750901410356164
12.379243850708008,0.4858819842338562,0.016045674681663513
66.9881820678711,0.4861755967140198,0.01295342855155468
28.1495361328125,0.4810354709625244,0.014122418127954006
198.4303436279297,0.480543851852417,0.011339844204485416
14.164229393005371,0.48728564381599426,0.008541853167116642
9.330923080444336,0.4889466166496277,0.011497771367430687
455.3033752441406,0.4860098361968994,0.008313423953950405
13.918047904968262,0.4808463454246521,0.010074122808873653
412.0692138671875,0.4855296015739441,0.007226157933473587
72.0457534790039,0.47956833243370056,0.013067993335425854
16.294939041137695,0.48120352625846863,0.011712126433849335
11.190279006958008,0.482626736164093,0.014272859320044518
21.66136932373047,0.48794543743133545,0.0028028234373778105
9.516789436340332,0.48768606781959534,0.00831805169582367
13.129057884216309,0.4792701005935669,0.012151430360972881
23.830957412719727,0.4894821345806122,0.004740474279969931
19.828582763671875,0.48433011770248413,0.008801952935755253
9.428720474243164,0.4869432747364044,0.00889058317989111
10.553548812866211,0.4900015592575073,0.007316918112337589
13.122745513916016,0.4911983013153076,0.0034876102581620216
8.285512924194336,0.4855765104293823,0.009230082854628563
67.3150863647461,0.4876479208469391,0.007353306747972965
20.15317153930664,0.4815419912338257,0.00991564430296421
462.1971740722656,0.4806501865386963,0.011814091354608536
13.198881149291992,0.4863407611846924,0.01182042807340622
16.272716522216797,0.4893651604652405,0.004654258023947477
12.99476146697998,0.48256200551986694,0.013194471597671509
14.343194961547852,0.4870995879173279,0.013581376522779465
20.99221420288086,0.47970306873321533,0.011546380817890167
59.8804817199707,0.48396390676498413,0.012271381914615631
13.609648704528809,0.48355990648269653,0.011694954708218575
21.510168075561523,0.47557902336120605,0.01462289784103632
8.634676933288574,0.4859069287776947,0.0040475958958268166
194.25448608398438,0.4865143299102783,0.008018490858376026
10.193971633911133,0.4783862233161926,0.013004204258322716
26.48068618774414,0.48012280464172363,0.010293432511389256
12.559599876403809,0.48135775327682495,0.009739934466779232
8.742268562316895,0.48059600591659546,0.009679333306849003
20.5013370513916,0.4776957631111145,0.011309206485748291
10.334240913391113,0.4719330072402954,0.011283047497272491
15.191187858581543,0.4816809296607971,0.005063208285719156
10.300970077514648,0.47593551874160767,0.012378513813018799
10.123268127441406,0.47446003556251526,0.012016957625746727
9.894307136535645,0.4668070673942566,0.017917603254318237
11.770588874816895,0.4709208309650421,0.012707557529211044
11.381951332092285,0.4681805372238159,0.016054846346378326
10.06843090057373,0.4669148325920105,0.012293250299990177
11.19379997253418,0.4721554219722748,0.013323999010026455
18.25855827331543,0.47055691480636597,0.0126188388094306
8.529457092285156,0.4663909673690796,0.014752076007425785
9.989336967468262,0.46557027101516724,0.01086641289293766
9.14639949798584,0.4650581479072571,0.009025612846016884
9.813091278076172,0.45892414450645447,0.015736853703856468
12.137228965759277,0.46868160367012024,0.012066587805747986
7.278250217437744,0.4663774371147156,0.009229411371052265
10.508708953857422,0.4608812928199768,0.009961681440472603
8.119990348815918,0.46516430377960205,0.003672318998724222
23.209980010986328,0.4586692452430725,0.009618633426725864
85.8030776977539,0.45619523525238037,0.011469886638224125
98.1890640258789,0.4620119333267212,0.0034866840578615665
5.4254584312438965,0.4566749930381775,0.012795627117156982
6.710226058959961,0.459470272064209,0.008435898460447788
8.509949684143066,0.45747870206832886,0.009909716434776783
48.87942123413086,0.4570455849170685,0.007382589858025312
100.90664672851562,0.45103374123573303,0.014383098110556602
192.909912109375,0.4581414461135864,0.008483199402689934
16.905155181884766,0.45791223645210266,0.007294443901628256
120.74020385742188,0.4567916989326477,0.008233021013438702
28.455501556396484,0.4569297432899475,0.00573278684169054
71.96699523925781,0.45701777935028076,0.005513561423867941
9.268842697143555,0.4608118534088135,0.0015312267933040857
10.72191047668457,0.45318394899368286,0.01293935440480709
9.175915718078613,0.4542803168296814,0.012678139843046665
9.402234077453613,0.45455294847488403,0.008366759866476059
6.414483070373535,0.4635477364063263,0.004987781867384911
7.098948955535889,0.4583418667316437,0.004571879282593727
8.208033561706543,0.45779284834861755,0.009117201901972294
108.96746063232422,0.4573003351688385,0.011613219976425171
9.035150527954102,0.4586324095726013,0.00816892459988594
220.57232666015625,0.4579070210456848,0.007908167317509651
8.306151390075684,0.45587581396102905,0.011208264157176018
29.54663848876953,0.45993757247924805,0.007243150845170021
21.35030746459961,0.45574915409088135,0.010006728582084179
9.596540451049805,0.45980530977249146,0.012594930827617645
7.664612293243408,0.46217265725135803,0.005131884012371302
7.073826313018799,0.45253899693489075,0.00932709313929081
41.56604766845703,0.45903876423835754,0.00968944001942873
134.17967224121094,0.4572393298149109,0.009990520775318146
79.04862976074219,0.46201807260513306,0.011871014721691608
22.389549255371094,0.4680050015449524,0.0028461588080972433
11.660270690917969,0.45654046535491943,0.00904551800340414
25.8441104888916,0.4549807906150818,0.015211894176900387
155.97840881347656,0.4612836241722107,0.012392773292958736
9.82462215423584,0.458132803440094,0.010697016492486
9.363861083984375,0.46225637197494507,0.010304734110832214
8.511723518371582,0.4622593820095062,0.009346265345811844
167.7958526611328,0.46619337797164917,0.0066565596498548985
23.032161712646484,0.4650644063949585,0.006060263607650995
7.298279762268066,0.453523725271225,0.013912304304540157
9.521690368652344,0.46433180570602417,0.011370201595127583
9.524898529052734,0.46404382586479187,0.012674828991293907
76.6155776977539,0.46331343054771423,0.010270918719470501
8.48246955871582,0.460828572511673,0.010135895572602749
17.88729476928711,0.46706423163414,0.0061544510535895824
7.280790328979492,0.4708789885044098,0.00505101541057229
37.95125961303711,0.4685707092285156,0.004741033539175987
28.622459411621094,0.46866270899772644,0.00769653869792819
18.731571197509766,0.47338980436325073,0.007586784660816193
35.40958786010742,0.46266797184944153,0.014789440669119358
24.688861846923828,0.4685208201408386,0.01823045127093792
8.641988754272461,0.4750458598136902,0.0071186404675245285
38.36549758911133,0.4740166664123535,0.011591088026762009
8.982776641845703,0.47633060812950134,0.01329800859093666
64.83242797851562,0.47474637627601624,0.009764635004103184
10.283684730529785,0.477871835231781,0.012587444856762886
354.8865966796875,0.4743106961250305,0.010903122834861279
28.469444274902344,0.4797588586807251,0.0076248180121183395
102.12184143066406,0.4816732406616211,0.008360241539776325
55.95649719238281,0.47232937812805176,0.015596571378409863
10.426264762878418,0.4813363552093506,0.006728534121066332
29.768943786621094,0.4778904318809509,0.017241692170500755
378.1335754394531,0.47603553533554077,0.011151125654578209
23.575820922851562,0.473801851272583,0.01463653426617384
34.47086715698242,0.47297051548957825,0.012739203870296478
5.544137001037598,0.47710898518562317,0.011752068996429443
61.206031799316406,0.4784960448741913,0.012840067967772484
11.152487754821777,0.481478750705719,0.007015237119048834
51.478092193603516,0.4747679829597473,0.006563373375684023
69.9243392944336,0.4781726002693176,0.009952547028660774
46.0017204284668,0.480141818523407,0.005542756989598274
15.941061973571777,0.4807521402835846,0.006251376122236252
9.646980285644531,0.47825750708580017,0.006284225266426802
13.919699668884277,0.47775018215179443,0.017767490819096565
11.176756858825684,0.4769209921360016,0.013930819928646088
11.39332389831543,0.474139004945755,0.014060397632420063
8.9930419921875,0.4782199561595917,0.010712705552577972
9.612552642822266,0.4712025225162506,0.01403117086738348
8.037818908691406,0.47381603717803955,0.008556039072573185
65.6704330444336,0.46991366147994995,0.018634770065546036
11.13007926940918,0.4763457775115967,0.004877983592450619
14.449647903442383,0.47378265857696533,0.013645771890878677
20.023712158203125,0.46768030524253845,0.01799686998128891
11.341401100158691,0.4734885096549988,0.0041800448670983315
5.931941509246826,0.4635818600654602,0.01636437140405178
22.880443572998047,0.4672548472881317,0.017497139051556587
12.784375190734863,0.469260573387146,0.00958489440381527
81.91936492919922,0.47447288036346436,0.004646702669560909
29.397375106811523,0.4660424590110779,0.00999155268073082
10.503782272338867,0.4725167155265808,0.0033380838576704264
81.00706481933594,0.46842852234840393,0.01468250248581171
32.059810638427734,0.4692160487174988,0.01018335111439228
16.087322235107422,0.4678022861480713,0.013003691099584103
25.325658798217773,0.46594110131263733,0.018666677176952362
9.157676696777344,0.4706571400165558,0.01492204051464796
357.0162353515625,0.4713034927845001,0.014922616071999073
28.866722106933594,0.4712783694267273,0.011209418065845966
9.704519271850586,0.4683842062950134,0.016127513721585274
21.749792098999023,0.472459614276886,0.004239208064973354
11.011784553527832,0.47126275300979614,0.011292106471955776
8.439950942993164,0.47994327545166016,0.007292893249541521
15.914799690246582,0.4767279028892517,0.003873930312693119
268.17388916015625,0.473935604095459,0.0049035754054784775
23.50514793395996,0.4663718342781067,0.013454579748213291
11.992238998413086,0.4722253680229187,0.013945307582616806
12.706342697143555,0.4698939323425293,0.017937149852514267
53.68675231933594,0.4666311740875244,0.014128979295492172
11.734041213989258,0.4785205125808716,0.005757270380854607
17.071393966674805,0.46674197912216187,0.01880178414285183
871.126220703125,0.4815983772277832,0.004729863256216049
86.79669952392578,0.4705533981323242,0.009965263307094574
10.938940048217773,0.46398428082466125,0.014773549512028694
11.328771591186523,0.4794498085975647,0.004841350018978119
32.222747802734375,0.4729015827178955,0.012022344395518303
20.426414489746094,0.4734833240509033,0.01579185202717781
9.473733901977539,0.47379976511001587,0.015018494799733162
14.02497386932373,0.4775371551513672,0.010130522772669792
16.61656379699707,0.47805055975914,0.012451203539967537
373.63018798828125,0.47651007771492004,0.013386145234107971
25.84253692626953,0.47465384006500244,0.019373860210180283
33.502296447753906,0.48285090923309326,0.0067366668954491615
13.134522438049316,0.48478543758392334,0.004729108419269323
51.36732482910156,0.4738810062408447,0.017466183751821518
12.177824020385742,0.4687774181365967,0.01782180927693844
23.5732479095459,0.48296117782592773,0.010371726006269455
156.88754272460938,0.48303353786468506,0.005409847944974899
206.3116455078125,0.480635404586792,0.015994122251868248
24.11739158630371,0.4862316846847534,0.008668402209877968
11.842940330505371,0.4872414469718933,0.006869596894830465
12.436002731323242,0.4807588756084442,0.01991034671664238
20.89715003967285,0.4859817326068878,0.011843518353998661
13.538476943969727,0.4886215627193451,0.0038644655141979456
23.705944061279297,0.47313642501831055,0.019781116396188736
122.2827377319336,0.4785093069076538,0.01752011850476265
9.531416893005371,0.4750440716743469,0.015379427932202816
347.7315673828125,0.4776148796081543,0.013678101822733879
147.64866638183594,0.48738905787467957,0.007199420128017664
12.848431587219238,0.4868883192539215,0.008007653057575226
14.814386367797852,0.4825993776321411,0.010929370298981667
15.158147811889648,0.473154217004776,0.017380254343152046
67.1305923461914,0.48442989587783813,0.016033995896577835
13.609488487243652,0.4811117351055145,0.009583287872374058
77.99701690673828,0.48303332924842834,0.0076305619440972805
12.611663818359375,0.47309601306915283,0.014237155206501484
62.82728958129883,0.4794149696826935,0.013152559287846088
11.737021446228027,0.4794026017189026,0.015072890557348728
12.276317596435547,0.47966116666793823,0.015485652722418308
13.841869354248047,0.4852321147918701,0.0056983171962201595
28.112150192260742,0.47610652446746826,0.01778504066169262
10.637248992919922,0.47650086879730225,0.01425862219184637
23.676185607910156,0.47622987627983093,0.009615299291908741
15.305543899536133,0.4741523265838623,0.011900736950337887
12.924957275390625,0.4744461178779602,0.014973334968090057
12.27737808227539,0.4698488116264343,0.013311514630913734
37.488746643066406,0.47809433937072754,0.004569352138787508
14.845027923583984,0.47701847553253174,0.0038744357880204916
11.961214065551758,0.47326987981796265,0.01493396982550621
14.170669555664062,0.4729911684989929,0.012298722751438618
108.60879516601562,0.4784189462661743,0.006052917800843716
12.666549682617188,0.47892069816589355,0.0047481791116297245
12.484719276428223,0.4682835340499878,0.015427296049892902
9.104037284851074,0.4757857322692871,0.008544564247131348
9.476003646850586,0.4692363739013672,0.012625021860003471
11.754579544067383,0.4751635491847992,0.014216427691280842
35.72724533081055,0.4663558006286621,0.014459541067481041
15.662299156188965,0.47633880376815796,0.004010447300970554
61.46156692504883,0.4765324592590332,0.011777321808040142
105.97960662841797,0.47397708892822266,0.013730254024267197
25.332122802734375,0.47971034049987793,0.0033472655341029167
14.708792686462402,0.46995046734809875,0.01682763360440731
32.263427734375,0.4771183729171753,0.013178452849388123
85.43106079101562,0.48453816771507263,0.004286428447812796
32.991859436035156,0.47365036606788635,0.01661262847483158
10.798961639404297,0.4786519408226013,0.013623653911054134
21.59351348876953,0.48059648275375366,0.008629633113741875
6.565262794494629,0.4770164489746094,0.016312608495354652
30.879606246948242,0.4815252721309662,0.01217847503721714
10.473264694213867,0.47937145829200745,0.013966565951704979
10.804428100585938,0.47826170921325684,0.011966495774686337
12.304676055908203,0.47889840602874756,0.009537700563669205
13.961945533752441,0.4797484278678894,0.013174754567444324
11.189803123474121,0.4846763610839844,0.004638158716261387
50.55807876586914,0.47773057222366333,0.017239516600966454
9.067111015319824,0.48440349102020264,0.004614436533302069
10.725943565368652,0.47928112745285034,0.01786419004201889
29.299354553222656,0.47718346118927,0.015486465767025948
10.957832336425781,0.4904872179031372,0.005038403440266848
11.183293342590332,0.48091912269592285,0.01130199246108532
13.792330741882324,0.4877879023551941,0.0066085075959563255
8.842966079711914,0.49249887466430664,0.003500010585412383
7.825074195861816,0.4898785948753357,0.008249777369201183
7.479518890380859,0.48748326301574707,0.0051864879205822945
6.84957218170166,0.4910024404525757,0.004118327051401138
199.72869873046875,0.47642606496810913,0.012933922931551933
15.226889610290527,0.48558324575424194,0.011115184053778648
83.49433135986328,0.48098480701446533,0.014878950081765652
9.090842247009277,0.48243337869644165,0.015146708115935326
8.072210311889648,0.4828668236732483,0.017579305917024612
452.81103515625,0.48141855001449585,0.013090383261442184
8.442429542541504,0.4892738461494446,0.00859873928129673
8.516264915466309,0.4951179623603821,0.004171396140009165
9.479904174804688,0.48289310932159424,0.016618292778730392
8.619086265563965,0.4936286509037018,0.004118801094591618
10.156675338745117,0.4890601634979248,0.013948577456176281
9.179777145385742,0.48511672019958496,0.014448806643486023
19.776891708374023,0.4863789975643158,0.012412113137543201
25.364519119262695,0.49020230770111084,0.010101505555212498
70.72087097167969,0.4832572638988495,0.02125128172338009
21.219045639038086,0.4849439859390259,0.011113135144114494
22.014312744140625,0.4847191572189331,0.01948765479028225
25.165145874023438,0.4899322986602783,0.009940475225448608
104.41385650634766,0.49018073081970215,0.014102981425821781
11.086770057678223,0.4915873408317566,0.00933463778346777
308.0270080566406,0.4962186813354492,0.003418111242353916
8.414708137512207,0.4764464497566223,0.014325905591249466
726.179931640625,0.4914804697036743,0.011706763878464699
6.732468128204346,0.4847584664821625,0.01101570576429367
16.617597579956055,0.4954938590526581,0.006222023628652096
17.698043823242188,0.47914397716522217,0.01134918350726366
7.743931770324707,0.48498010635375977,0.01433645747601986
152.95640563964844,0.48914772272109985,0.00416221609339118
10.37183666229248,0.4820899963378906,0.016743257641792297
24.002065658569336,0.48512905836105347,0.015265368856489658
81.99738311767578,0.4813295602798462,0.01686709001660347
10.263513565063477,0.48293763399124146,0.013391179032623768
12.935601234436035,0.4830320477485657,0.013219621032476425
10.09709358215332,0.48568737506866455,0.011987597681581974
21.40691375732422,0.4901772439479828,0.006223008967936039
10.093092918395996,0.46914637088775635,0.018638698384165764
10.711411476135254,0.4813685119152069,0.00996286142617464
123.4627685546875,0.48581960797309875,0.0037467677611857653
11.002214431762695,0.47681862115859985,0.020756274461746216
200.18673706054688,0.4833565056324005,0.0057097310200333595
6.465158462524414,0.4711499512195587,0.018416738137602806
10.020246505737305,0.4802219271659851,0.004438590724021196
37.78617477416992,0.479419469833374,0.006201184820383787
34.22688293457031,0.4837765693664551,0.00648760749027133
25.30337905883789,0.4803500771522522,0.007965737022459507
96.18900299072266,0.4772384762763977,0.015646224841475487
11.071776390075684,0.48171135783195496,0.009709784761071205
178.45220947265625,0.4750082194805145,0.009456267580389977
8.26458740234375,0.48151785135269165,0.006458222400397062
10.29552936553955,0.4803125858306885,0.005754155572503805
52.531890869140625,0.4785284399986267,0.01193552277982235
158.41665649414062,0.4648430347442627,0.022176498547196388
18.664602279663086,0.48041146993637085,0.005803106352686882
77.77279663085938,0.4783809185028076,0.011773092672228813
26.829856872558594,0.4760293662548065,0.013799506239593029
8.973553657531738,0.4779757857322693,0.013680166564881802
33.37477111816406,0.47743529081344604,0.012778140604496002
13.74722957611084,0.47464197874069214,0.017690664157271385
9.327041625976562,0.4768746495246887,0.018665896728634834
22.444860458374023,0.47767871618270874,0.014359412714838982
38.156864166259766,0.4807465076446533,0.004273049533367157
12.606393814086914,0.4866059422492981,0.005615720525383949
90.30095672607422,0.47357749938964844,0.020134644582867622
13.460830688476562,0.4755297899246216,0.019483884796500206
10.964527130126953,0.4731476902961731,0.017649788409471512
11.067447662353516,0.4878999590873718,0.010118058882653713
29.70140266418457,0.4657559394836426,0.020884258672595024
91.45623779296875,0.48124802112579346,0.007953038439154625
12.188035011291504,0.47258755564689636,0.01673385314643383
66.23387908935547,0.4734122157096863,0.01868792623281479
41.14116287231445,0.47007107734680176,0.013212213292717934
8.196117401123047,0.4708314538002014,0.01771937683224678
24.99851417541504,0.4830999970436096,0.01228990126401186
20.14240074157715,0.47398483753204346,0.016608335077762604
94.34223175048828,0.47756677865982056,0.012986118905246258
22.400123596191406,0.47237229347229004,0.01753176376223564
12.618975639343262,0.47846078872680664,0.013154211454093456
11.028730392456055,0.4874916076660156,0.005051532294601202
12.536844253540039,0.4825558066368103,0.014688754454255104
10.294312477111816,0.4846425950527191,0.008243882097303867
58.37556076049805,0.48566532135009766,0.0036117490381002426
39.492645263671875,0.47521036863327026,0.010730737820267677
11.602659225463867,0.4806867837905884,0.010263912379741669
51.670928955078125,0.4776454567909241,0.017465077340602875
16.097108840942383,0.4812232553958893,0.013762805610895157
278.13409423828125,0.4825361371040344,0.008591798134148121
11.365606307983398,0.47472912073135376,0.015034080483019352
23.47179412841797,0.47167956829071045,0.013194778002798557
10.282666206359863,0.4821510910987854,0.007902894169092178
28.785755157470703,0.48185276985168457,0.004389612004160881
23.72469711303711,0.4778730273246765,0.015382131561636925
73.40672302246094,0.47927939891815186,0.005582890473306179
11.988548278808594,0.48145267367362976,0.004702678881585598
26.832275390625,0.4735407531261444,0.016837608069181442
14.258686065673828,0.46976882219314575,0.016297824680805206
10.778692245483398,0.4793378710746765,0.0076653724536299706
43.28654861450195,0.4741358757019043,0.007670578081160784
10.766067504882812,0.4704931974411011,0.02182144485414028
20.417625427246094,0.4711233973503113,0.015427440404891968
367.13531494140625,0.474865198135376,0.018942659720778465
9.994254112243652,0.48054563999176025,0.006850305944681168
11.08059024810791,0.4830913841724396,0.004413247108459473
11.626550674438477,0.476853609085083,0.019585883244872093
236.9580841064453,0.47753795981407166,0.011627569794654846
21.969133377075195,0.4704415202140808,0.017273323610424995
12.897777557373047,0.4766703248023987,0.013619044795632362
12.185576438903809,0.47538143396377563,0.021450785920023918
10.457281112670898,0.4746173024177551,0.017685264348983765
70.93435668945312,0.47776782512664795,0.012260275892913342
18.33643913269043,0.4778479337692261,0.0165037102997303
17.036252975463867,0.4746231436729431,0.01862213760614395
11.01938247680664,0.4636325240135193,0.01738027110695839
22.504520416259766,0.46678924560546875,0.014722182415425777
13.01835823059082,0.4773637056350708,0.011457327753305435
17.802112579345703,0.47610828280448914,0.013302289880812168
30.622976303100586,0.4730413556098938,0.012832357548177242
441.3402404785156,0.4531978666782379,0.021073559299111366
11.616874694824219,0.479947954416275,0.00604996457695961
75.51757049560547,0.4740043580532074,0.006372491363435984
13.745194435119629,0.4725424647331238,0.004990107845515013
9.935914039611816,0.4671345055103302,0.019479800015687943
88.48725891113281,0.4707799553871155,0.0073087941855192184
11.781676292419434,0.46459853649139404,0.015105875208973885
8.538225173950195,0.45702219009399414,0.017297288402915
25.480642318725586,0.4587189257144928,0.0157259963452816
73.59757232666016,0.47169214487075806,0.00990982260555029
10.731348991394043,0.47142723202705383,0.008662293665111065
66.75431823730469,0.4687996506690979,0.012173234485089779
16.345556259155273,0.46815454959869385,0.007635300047695637
8.265968322753906,0.4564286768436432,0.01793757453560829
372.03173828125,0.46911218762397766,0.01157231442630291
117.74571990966797,0.458870530128479,0.01243998296558857
12.349004745483398,0.4658663272857666,0.014712993986904621
6.928447723388672,0.47156673669815063,0.0076967463828623295
12.5857572555542,0.46893686056137085,0.00758118461817503
9.044886589050293,0.4656790494918823,0.015507363714277744
9.073185920715332,0.4654802083969116,0.014833585359156132
11.878289222717285,0.47093284130096436,0.0071156821213662624
9.985008239746094,0.4718284010887146,0.006448051426559687
9.534860610961914,0.4715997874736786,0.004428919404745102
8.586624145507812,0.4633627235889435,0.019386962056159973
16.44938087463379,0.4703696370124817,0.00901840254664421
21.038925170898438,0.4682070016860962,0.006839279551059008
7.667362689971924,0.4687349200248718,0.015063485130667686
40.417449951171875,0.4714653193950653,0.006460937205702066
12.46451187133789,0.47690147161483765,0.0054166605696082115
132.98931884765625,0.4727737307548523,0.004860874731093645
51.15972137451172,0.47062331438064575,0.016415705904364586
19.126813888549805,0.4668368995189667,0.0069413320161402225
44.74952697753906,0.4579475224018097,0.017418500036001205
8.306434631347656,0.4638415277004242,0.01847853884100914
17.65992546081543,0.4621298611164093,0.01739841140806675
9.846435546875,0.477175235748291,0.00569938262924552
11.148015022277832,0.4737946391105652,0.010329540818929672
10.127639770507812,0.4684872329235077,0.011559979990124702
81.60595703125,0.4668574929237366,0.014394240453839302
47.3879508972168,0.4643600285053253,0.016549624502658844
19.656219482421875,0.4726594090461731,0.012780300341546535
64.32906341552734,0.47276920080184937,0.01461146678775549
8.927718162536621,0.46719419956207275,0.021836427971720695
8.822637557983398,0.47437646985054016,0.007873784750699997
15.24172592163086,0.4746590256690979,0.018062224611639977
9.202688217163086,0.4762430191040039,0.01879633404314518
85.55024719238281,0.46304088830947876,0.024851413443684578
32.659000396728516,0.4653298854827881,0.018412383273243904
26.386764526367188,0.4696618914604187,0.01691928505897522
8.77835464477539,0.47730666399002075,0.017586667090654373
9.049808502197266,0.4704075753688812,0.017198028042912483
10.808534622192383,0.47866928577423096,0.006972971837967634
41.755043029785156,0.4703267216682434,0.022245483472943306
57.97993850708008,0.46302518248558044,0.02083371765911579
6.591464519500732,0.46157127618789673,0.019159557297825813
8.27409839630127,0.4818863570690155,0.0052557410672307014
11.081171035766602,0.47604334354400635,0.007749189622700214
112.28824615478516,0.48183679580688477,0.008637978695333004
12.266087532043457,0.47243136167526245,0.01613629050552845
147.10934448242188,0.4736316204071045,0.016699794679880142
29.248382568359375,0.4806094169616699,0.007851625792682171
208.07403564453125,0.4787413477897644,0.008145538158714771
13.62146282196045,0.4738297760486603,0.011942516081035137
202.37416076660156,0.47928914427757263,0.006224069278687239
10.425750732421875,0.4761524796485901,0.0148323280736804
7.6509175300598145,0.4667240381240845,0.021507248282432556
14.00680923461914,0.4674930274486542,0.02425920031964779
11.738359451293945,0.47250765562057495,0.019259607419371605
60.085174560546875,0.4708532989025116,0.016658255830407143
426.70068359375,0.479186475276947,0.0058606695383787155
41.1131591796875,0.4783850908279419,0.010301344096660614
7.887843132019043,0.46374326944351196,0.020989878103137016
10.786240577697754,0.47960397601127625,0.005675130523741245
32.93834686279297,0.4713539481163025,0.01914394646883011
58.939395904541016,0.47922754287719727,0.005186346359550953
64.05284881591797,0.47154340147972107,0.02012248896062374
7.858647346496582,0.47757044434547424,0.009657556191086769
24.943620681762695,0.4663791060447693,0.018066352233290672
7.526344299316406,0.48192980885505676,0.006155807990580797
10.311819076538086,0.4708789587020874,0.01754167675971985
10.842377662658691,0.4648897349834442,0.02182270772755146
8.008291244506836,0.4712834358215332,0.02186739258468151
695.3479614257812,0.47942036390304565,0.014310097321867943
10.704216957092285,0.482740193605423,0.006604435387998819
13.236908912658691,0.47203534841537476,0.013566801324486732
9.007125854492188,0.48103466629981995,0.007709480822086334
26.95996856689453,0.48208117485046387,0.0067362417466938496
9.219291687011719,0.47279658913612366,0.017188014462590218
31.68193817138672,0.4749716818332672,0.013739233836531639
91.71443939208984,0.47777944803237915,0.012626712210476398
25.568204879760742,0.4780389368534088,0.017298895865678787
9.307607650756836,0.47883522510528564,0.00890763197094202
8.52121353149414,0.4658482074737549,0.018907232210040092
10.622581481933594,0.48122555017471313,0.007697421126067638
48.05086898803711,0.47755110263824463,0.015140939503908157
18.557876586914062,0.48264041543006897,0.0065564620308578014
12.203678131103516,0.48288342356681824,0.008514855057001114
31.193069458007812,0.46335044503211975,0.023417456075549126
9.376028060913086,0.4714830815792084,0.02066832408308983
13.539710998535156,0.4754799008369446,0.017735693603754044
24.37978172302246,0.46642905473709106,0.0243354644626379
53.00096893310547,0.4707414209842682,0.02375331148505211
8.622537612915039,0.4808496832847595,0.019509050995111465
26.82521629333496,0.4826231002807617,0.01018980797380209
8.19400405883789,0.4706302285194397,0.02068258449435234
22.462560653686523,0.48082923889160156,0.018514927476644516
30.18070411682129,0.4784528911113739,0.02651010826230049
9.43428897857666,0.48730936646461487,0.00886724703013897
25.20567512512207,0.4800253212451935,0.016277976334095
9.28854751586914,0.4909857511520386,0.010447858832776546
11.303711891174316,0.48804569244384766,0.008189447224140167
9.86113166809082,0.4763554632663727,0.01590787246823311
8.541760444641113,0.4835573732852936,0.008204025216400623
11.463083267211914,0.47886621952056885,0.024285655468702316
28.136348724365234,0.482995867729187,0.0182438176125288
82.78235626220703,0.48790621757507324,0.010865209624171257
12.22559928894043,0.4849531054496765,0.018514294177293777
10.574597358703613,0.4791967570781708,0.01587376371026039
10.396920204162598,0.48165279626846313,0.018619263544678688
44.2744026184082,0.4859949052333832,0.01314435712993145
8.79316234588623,0.48392900824546814,0.0097051952034235
8.3463134765625,0.4810997247695923,0.014130724593997002
403.1789855957031,0.4845297634601593,0.01737416535615921
6.964663028717041,0.46866104006767273,0.01941887103021145
21.49912452697754,0.4768907129764557,0.015100011602044106
35.70730209350586,0.47223949432373047,0.02061540260910988
10.127010345458984,0.4800974726676941,0.014277107082307339
74.77973175048828,0.48172032833099365,0.017397310584783554
8.569910049438477,0.48410850763320923,0.007462548092007637
772.2236938476562,0.48438090085983276,0.005237755365669727
5.566799163818359,0.4810106158256531,0.019694143906235695
10.604148864746094,0.47768861055374146,0.014262150973081589
17.1242618560791,0.47600066661834717,0.014778733253479004
40.94059371948242,0.47365036606788635,0.022984566166996956
28.00519561767578,0.4747534394264221,0.018805624917149544
15.005446434020996,0.4788571000099182,0.010717936791479588
12.406164169311523,0.4792410731315613,0.004648442845791578
197.25814819335938,0.47035300731658936,0.02420979179441929
68.1634521484375,0.47662627696990967,0.017939463257789612
10.165331840515137,0.46777603030204773,0.028058219701051712
278.1969299316406,0.4816191494464874,0.015438014641404152
156.9951934814453,0.482780784368515,0.01647995226085186
9.267782211303711,0.47997888922691345,0.01749410107731819
10.447081565856934,0.4830353856086731,0.018823502585291862
9.875829696655273,0.4755573868751526,0.02221149206161499
122.5365982055664,0.48682260513305664,0.013045651838183403
23.633861541748047,0.4863627851009369,0.01093293260782957
24.309785842895508,0.47627291083335876,0.025062337517738342
148.42843627929688,0.48750734329223633,0.015325263142585754
28.389375686645508,0.4839158058166504,0.016525616869330406
12.47088623046875,0.4819982051849365,0.014894934371113777
7.007012367248535,0.4844193160533905,0.020291054621338844
13.504077911376953,0.4813174605369568,0.017411887645721436
25.365203857421875,0.4888421297073364,0.008230313658714294
11.138710975646973,0.49023759365081787,0.008383054286241531
46.673004150390625,0.49375686049461365,0.00463595986366272
9.48592758178711,0.4935607314109802,0.005778714083135128
11.568603515625,0.493133544921875,0.006250757724046707
14.688543319702148,0.4939820170402527,0.007167318370193243
10.009106636047363,0.48067623376846313,0.015507219359278679
47.4460334777832,0.48381778597831726,0.01871466636657715
10.926406860351562,0.48036378622055054,0.018346447497606277
10.048965454101562,0.4782797694206238,0.01762581430375576
10.306609153747559,0.48781880736351013,0.012126307934522629
10.420494079589844,0.4835470914840698,0.016166074201464653
83.40922546386719,0.4769463539123535,0.02480754628777504
25.95440101623535,0.4729427397251129,0.025003749877214432
70.204345703125,0.4813423156738281,0.016875531524419785
219.30023193359375,0.48457440733909607,0.0173190888017416
10.584287643432617,0.4730716645717621,0.02557368203997612
7.110175609588623,0.48506686091423035,0.015051964670419693
29.07454490661621,0.4673089385032654,0.02010955847799778
8.862515449523926,0.48661893606185913,0.013132895343005657
12.888164520263672,0.4841878414154053,0.005731998942792416
73.54483032226562,0.484428346157074,0.005678094923496246
12.52422046661377,0.46132349967956543,0.024140533059835434
7.350339889526367,0.48567521572113037,0.004784157499670982
9.657828330993652,0.491092711687088,0.007245445158332586
31.941625595092773,0.4825485944747925,0.02503375895321369
7.290206432342529,0.4701641798019409,0.019791118800640106
10.761811256408691,0.47780829668045044,0.016815468668937683
29.040346145629883,0.46290504932403564,0.02216498740017414
7.9292473793029785,0.47751933336257935,0.015862399712204933
9.575873374938965,0.46780914068222046,0.018849052488803864
71.9009017944336,0.4676441252231598,0.016356270760297775
6.763275146484375,0.46970701217651367,0.02887970209121704
12.968986511230469,0.47455084323883057,0.020821135491132736
135.35134887695312,0.46642404794692993,0.025578510016202927
15.323384284973145,0.4701477885246277,0.01842779852449894
14.87342643737793,0.4798526167869568,0.014686916023492813
25.64600944519043,0.47166353464126587,0.02169942669570446
7.631466388702393,0.47428205609321594,0.014076347462832928
201.34263610839844,0.4714440405368805,0.017609819769859314
9.965234756469727,0.48181235790252686,0.006885448936372995
8.720190048217773,0.4730580449104309,0.01438143104314804
30.170196533203125,0.4767070412635803,0.015281439758837223
8.279533386230469,0.47091788053512573,0.016693927347660065
9.328834533691406,0.4649583697319031,0.022262519225478172
18.483583450317383,0.47971850633621216,0.013772308826446533
7.8912248611450195,0.46639150381088257,0.022184062749147415
8.560201644897461,0.47281336784362793,0.018116872757673264
6.71894645690918,0.479057252407074,0.021729014813899994
404.68060302734375,0.4616844356060028,0.027608606964349747
10.405895233154297,0.4789692461490631,0.012109745293855667
9.027992248535156,0.46851855516433716,0.01958831027150154
8.277663230895996,0.4769361913204193,0.019157107919454575
7.254933834075928,0.47381994128227234,0.020028000697493553
74.82603454589844,0.48049283027648926,0.00793875940144062
7.6117963790893555,0.4815959334373474,0.006777938921004534
13.285486221313477,0.4691580533981323,0.02232741378247738
14.682866096496582,0.48074570298194885,0.007321622688323259
9.314260482788086,0.4669312536716461,0.022279588505625725
8.762470245361328,0.4788232445716858,0.010124634020030499
44.26219940185547,0.48026809096336365,0.015967313200235367
10.043804168701172,0.482284814119339,0.008601036854088306
29.002702713012695,0.481795072555542,0.005621268879622221
467.5749816894531,0.4754060208797455,0.01612129993736744
6.193028450012207,0.48039481043815613,0.01912456937134266
15.238811492919922,0.4716464877128601,0.020257167518138885
15.50027084350586,0.4778365194797516,0.020252421498298645
103.5201644897461,0.4757755696773529,0.012091326527297497
9.653948783874512,0.48117968440055847,0.009416550397872925
37.1836051940918,0.47337695956230164,0.021038223057985306
4.7425537109375,0.4736674427986145,0.0172121562063694
12.79721450805664,0.4783969819545746,0.015291652642190456
23.783613204956055,0.46913108229637146,0.019937075674533844
123.33898162841797,0.47618287801742554,0.012101382948458195
12.284725189208984,0.45669734477996826,0.032236505299806595
9.92647647857666,0.4783327579498291,0.00815595779567957
43.235713958740234,0.47074756026268005,0.024889029562473297
121.14318084716797,0.4747750461101532,0.018648725003004074
33.62537384033203,0.4762732982635498,0.016602931544184685
52.346588134765625,0.48258668184280396,0.008865266107022762
7.860185146331787,0.47325074672698975,0.01558168139308691
21.405498504638672,0.4821799695491791,0.012749911285936832
19.189992904663086,0.47044289112091064,0.018180832266807556
7.51569938659668,0.4842354655265808,0.014861080795526505
7.363751411437988,0.47616422176361084,0.024875903502106667
18.958850860595703,0.47708186507225037,0.022623281925916672
12.202102661132812,0.48022598028182983,0.016910649836063385
48.20416259765625,0.4834109842777252,0.008376293815672398
9.22174072265625,0.4838157296180725,0.00704582966864109
8.92637825012207,0.482172429561615,0.010307009331882
126.93119812011719,0.48096704483032227,0.006615538615733385
14.251535415649414,0.466935396194458,0.02457374706864357
290.2934265136719,0.4765562415122986,0.014360575936734676
12.685176849365234,0.4696645140647888,0.02535899356007576
43.47467041015625,0.489173948764801,0.008981330320239067
12.836263656616211,0.4809926450252533,0.013538965955376625
30.277246475219727,0.4772225022315979,0.020863071084022522
289.1363830566406,0.4865047335624695,0.00679547805339098
36.93918228149414,0.4839608073234558,0.00807711947709322
